{
  "publicPath": "/",
  "all": [
    "1.8b153fbc.js.map",
    "0.5b9b0afd.js",
    "2.b82aca98.js",
    "3.aa2c9b01.js",
    "4.5eff09cc.js",
    "5.58deeed6.js",
    "6.0b362aaa.js",
    "7.2987390b.js",
    "8.f590e80e.js",
    "9.fee1ee24.js",
    "client.d3fcabd2.js",
    "vendor.02a8b05d.js",
    "manifest.3fe2bd7c.js",
    "client.10030ee6.css",
    "0.5b9b0afd.js.map",
    "1.8b153fbc.js",
    "2.b82aca98.js.map",
    "3.aa2c9b01.js.map",
    "4.5eff09cc.js.map",
    "5.58deeed6.js.map",
    "6.0b362aaa.js.map",
    "7.2987390b.js.map",
    "8.f590e80e.js.map",
    "9.fee1ee24.js.map",
    "client.d3fcabd2.js.map",
    "client.10030ee6.css.map",
    "vendor.02a8b05d.js.map",
    "manifest.3fe2bd7c.js.map",
    "CNAME",
    "index.html"
  ],
  "initial": [
    "manifest.3fe2bd7c.js",
    "vendor.02a8b05d.js",
    "client.d3fcabd2.js"
  ],
  "async": [
    "0.5b9b0afd.js",
    "2.b82aca98.js",
    "3.aa2c9b01.js",
    "4.5eff09cc.js",
    "5.58deeed6.js",
    "6.0b362aaa.js",
    "7.2987390b.js",
    "8.f590e80e.js",
    "9.fee1ee24.js",
    "1.8b153fbc.js"
  ],
  "modules": {
    "32785061": [
      10,
      13,
      24,
      25
    ],
    "96563742": [
      10,
      13,
      24,
      25
    ],
    "cee54cf8": [
      10,
      13,
      24,
      25
    ],
    "7c4cc7b5": [
      11,
      26
    ],
    "1125bcf8": [
      11,
      26
    ],
    "12c9f201": [
      10,
      13,
      24,
      25
    ],
    "613c4247": [
      11,
      26
    ],
    "02f84bf1": [
      10,
      13,
      24,
      25
    ],
    "98b9bc10": [
      10,
      13,
      24,
      25
    ],
    "0a01cb4a": [
      10,
      13,
      24,
      25
    ],
    "4f018c8e": [
      10,
      13,
      24,
      25
    ],
    "4a41a067": [
      11,
      26
    ],
    "7af99633": [
      11,
      26
    ],
    "50961f64": [
      10,
      13,
      24,
      25
    ],
    "486ef226": [
      10,
      13,
      24,
      25
    ],
    "65be2f15": [
      10,
      13,
      24,
      25
    ],
    "73becc80": [
      10,
      13,
      24,
      25
    ],
    "2f86141d": [
      11,
      26
    ],
    "e3417a42": [
      11,
      26
    ],
    "125f6ff4": [
      10,
      13,
      24,
      25
    ],
    "8099fc3c": [
      10,
      13,
      24,
      25
    ],
    "8496372e": [
      10,
      13,
      24,
      25
    ],
    "8e251aa4": [
      10,
      13,
      24,
      25
    ],
    "6ba1b672": [
      10,
      13,
      24,
      25
    ],
    "69bda97e": [
      10,
      13,
      24,
      25
    ],
    "a7f93ffc": [
      10,
      13,
      24,
      25
    ],
    "31e69e09": [
      10,
      13,
      24,
      25
    ],
    "b22ef300": [
      10,
      13,
      24,
      25
    ],
    "60d0bf96": [
      10,
      13,
      24,
      25
    ],
    "979fb4c2": [
      10,
      13,
      24,
      25
    ],
    "19d35902": [
      10,
      13,
      24,
      25
    ],
    "7bd91dfe": [
      10,
      13,
      24,
      25
    ],
    "13447e5a": [
      10,
      13,
      24,
      25
    ],
    "55c4eadc": [
      10,
      13,
      24,
      25
    ],
    "939bc6e4": [
      10,
      13,
      24,
      25
    ],
    "3d6b36a4": [
      10,
      13,
      24,
      25
    ],
    "5ab65578": [
      10,
      13,
      24,
      25
    ],
    "a2534620": [
      11,
      26
    ],
    "08de1eda": [
      11,
      26
    ],
    "0e278fab": [
      11,
      26
    ],
    "42fdafbe": [
      11,
      26
    ],
    "6f8fd16c": [
      10,
      13,
      24,
      25
    ],
    "bc116758": [
      10,
      13,
      24,
      25
    ],
    "15016a5f": [
      9,
      23
    ],
    "da5f1b2a": [
      8,
      22
    ],
    "489e930f": [
      7,
      21
    ],
    "2a7cd8e8": [
      6,
      20
    ],
    "05a9a122": [
      5,
      19
    ],
    "9d7af8a6": [
      4,
      18
    ],
    "ccd7897e": [
      3,
      17
    ],
    "c9aaa316": [
      2,
      16
    ],
    "29e80696": [
      15,
      0
    ],
    "9c33b876": [
      1,
      14
    ],
    "ca927e8c": [
      11,
      26
    ]
  }
}